{"cameraMode":{"drawMode":0,"name":"Shaded","section":"Shading Mode"},"sceneLighting":true,"audioPlay":false,"sceneViewState":{"showFog":true,"showMaterialUpdate":false,"showSkybox":true,"showFlares":true,"showImageEffects":true,"showParticleSystems":true,"showVisualEffectGraphs":true,"m_FxEnabled":true},"in2DMode":false,"pivot":{"x":638.1813354492188,"y":473.7023620605469,"z":159.274658203125},"rotation":{"x":-0.00030964758479967713,"y":-0.0009027547785080969,"z":3.2026778740146258e-7,"w":-1.0000004768371583},"size":498.73492431640627,"orthographic":false}